"ST","NAICS","Total_RCPTOT","Total_ESTAB","Year"
17,"23",5020463,96951,2004
17,"236",1868887,25572,2004
17,"2361",1708839,22752,2004
17,"237",137824,1222,2004
17,"2372",71492,375,2004
17,"23721",71492,375,2004
17,"2373",4117,89,2004
17,"23731",4117,89,2004
17,"2379",22994,294,2004
17,"23799",22994,294,2004
17,"238",2746549,64841,2004
17,"2381",482505,10300,2004
17,"2382",429541,9846,2004
17,"23821",160414,3993,2004
17,"23822",200613,4014,2004
17,"23829",13532,298,2004
17,"2383",1076148,27985,2004
17,"2389",756419,16569,2004
17,"484",1472722,18906,2004
17,"4841",1672228,21229,2004
17,"48411",548274,7839,2004
17,"4842",97526,1393,2004
17,"4853",294644,11060,2004
17,"2371",1572,48,2004
30,"23",686265,13083,2004
30,"236",238654,3045,2004
30,"2361",186757,2337,2004
30,"237",34247,284,2004
30,"2379",7365,73,2004
30,"23799",7365,73,2004
30,"238",320038,7990,2004
30,"2381",56477,1196,2004
30,"2382",30301,634,2004
30,"23821",4811,102,2004
30,"23822",9224,156,2004
30,"23829",532,10,2004
30,"2383",112009,3126,2004
30,"2389",119356,2954,2004
30,"484",113216,1273,2004
30,"4841",87762,931,2004
30,"48411",15451,251,2004
30,"4842",7087,93,2004
30,"2373",0,0,2004
30,"23731",0,0,2004
30,"2371",0,0,2004
30,"2372",11563,42,2004
30,"23721",11563,42,2004
30,"4853",0,0,2004
39,"23",4651898,94140,2004
39,"236",1409531,18518,2004
39,"2361",1003002,11738,2004
39,"237",237568,1989,2004
39,"2371",1883,36,2004
39,"2372",135039,602,2004
39,"23721",135039,602,2004
39,"2373",320,22,2004
39,"23731",320,22,2004
39,"2379",27407,417,2004
39,"23799",27407,417,2004
39,"238",2898591,71475,2004
39,"2381",622438,14113,2004
39,"2382",383861,9328,2004
39,"23821",70795,2060,2004
39,"23822",215339,4464,2004
39,"2383",1040308,28053,2004
39,"2389",849574,19891,2004
39,"484",1410640,18620,2004
39,"4841",1447360,19030,2004
39,"48411",427884,6928,2004
39,"4842",161688,2191,2004
39,"4853",18511,884,2004
39,"23829",10753,228,2004
42,"23",5335139,94991,2004
42,"236",1573732,19165,2004
42,"2361",1283891,14422,2004
42,"237",190417,1691,2004
42,"2371",0,0,2004
42,"2372",106030,496,2004
42,"23721",106030,496,2004
42,"2373",2501,36,2004
42,"23731",2501,36,2004
42,"2379",27652,376,2004
42,"23799",27652,376,2004
42,"238",3432704,72309,2004
42,"2381",587170,11257,2004
42,"2382",556307,11473,2004
42,"23821",158757,3809,2004
42,"23822",302411,5180,2004
42,"23829",18797,343,2004
42,"2383",1213471,27920,2004
42,"2389",1074952,21638,2004
42,"484",1357521,15731,2004
42,"4841",1341704,15348,2004
42,"48411",418504,5816,2004
42,"4842",121984,1530,2004
42,"4853",68452,2539,2004
17,"23",5500733,101943,2005
17,"236",2392755,32029,2005
17,"2361",2218659,29073,2005
17,"237",168186,1657,2005
17,"2372",102646,545,2005
17,"23721",102646,545,2005
17,"2373",10246,215,2005
17,"23731",10246,215,2005
17,"2379",38573,601,2005
17,"23799",38573,601,2005
17,"238",2938963,68275,2005
17,"2381",496718,10243,2005
17,"2382",481274,10303,2005
17,"23821",212761,4971,2005
17,"23822",242806,4739,2005
17,"23829",22015,495,2005
17,"2383",1124634,28914,2005
17,"2389",834561,18750,2005
17,"484",2121058,25635,2005
17,"4841",1997706,23895,2005
17,"48411",612386,8453,2005
17,"4842",120125,1695,2005
17,"4853",337193,12065,2005
17,"2371",7222,96,2005
30,"23",731599,13492,2005
30,"236",322318,4158,2005
30,"2361",296116,3696,2005
30,"237",41118,445,2005
30,"2379",12360,219,2005
30,"23799",12360,219,2005
30,"238",366118,8860,2005
30,"2381",58340,1304,2005
30,"2382",42268,779,2005
30,"23821",16624,346,2005
30,"23822",19580,315,2005
30,"23829",2606,54,2005
30,"2383",128888,3419,2005
30,"2389",135416,3312,2005
30,"484",189316,1916,2005
30,"4841",170137,1690,2005
30,"48411",33018,493,2005
30,"4842",17453,198,2005
30,"2373",3996,47,2005
30,"23731",3996,47,2005
30,"2372",17532,93,2005
30,"23721",17532,93,2005
30,"4853",994,26,2005
30,"2371",915,22,2005
39,"23",4811702,97319,2005
39,"236",1545508,20642,2005
39,"2361",1372575,17789,2005
39,"237",241848,2099,2005
39,"2371",11954,244,2005
39,"2372",169763,817,2005
39,"23721",169763,817,2005
39,"2373",6724,182,2005
39,"23731",6724,182,2005
39,"2379",42427,677,2005
39,"23799",42427,677,2005
39,"238",3023405,74570,2005
39,"2381",616903,13688,2005
39,"2382",395895,9201,2005
39,"23821",136573,3984,2005
39,"23822",235665,4647,2005
39,"23829",19700,482,2005
39,"2383",1070464,28899,2005
39,"2389",935002,22641,2005
39,"484",1827131,22501,2005
39,"4841",1641835,20126,2005
39,"48411",471861,7179,2005
39,"4842",185296,2375,2005
39,"4853",44088,2360,2005
42,"23",5696139,98426,2005
42,"236",1812621,21262,2005
42,"2361",1638702,18771,2005
42,"237",191763,1738,2005
42,"2371",6520,143,2005
42,"2372",120107,679,2005
42,"23721",120107,679,2005
42,"2373",11319,164,2005
42,"23731",11319,164,2005
42,"2379",47377,638,2005
42,"23799",47377,638,2005
42,"238",3691410,75421,2005
42,"2381",607370,10955,2005
42,"2382",611568,11558,2005
42,"23821",231360,5529,2005
42,"23822",346432,5380,2005
42,"23829",32764,622,2005
42,"2383",1293575,28815,2005
42,"2389",1178897,24093,2005
42,"484",1636471,17305,2005
42,"4841",1487144,15648,2005
42,"48411",460960,5958,2005
42,"4842",149074,1654,2005
42,"4853",99515,3570,2005
17,"23",5718977,102903,2006
17,"236",2537679,33605,2006
17,"2361",2351604,30583,2006
17,"237",155735,1581,2006
17,"2372",95971,515,2006
17,"23721",95971,515,2006
17,"2373",10351,214,2006
17,"23731",10351,214,2006
17,"2379",32936,561,2006
17,"23799",32936,561,2006
17,"238",3024683,67681,2006
17,"2381",501420,10228,2006
17,"2382",531851,11135,2006
17,"23821",231448,5389,2006
17,"23822",269236,5092,2006
17,"23829",25388,527,2006
17,"2383",1143353,28423,2006
17,"2389",847695,17882,2006
17,"484",2324864,27864,2006
17,"4841",2202997,26194,2006
17,"48411",678204,9131,2006
17,"4842",118639,1628,2006
17,"4853",370966,12722,2006
17,"2371",6771,96,2006
30,"23",763620,13418,2006
30,"236",324963,4312,2006
30,"2361",296819,3895,2006
30,"237",43428,430,2006
30,"2379",14511,210,2006
30,"23799",14511,210,2006
30,"238",393737,8657,2006
30,"2381",70383,1332,2006
30,"2382",43042,793,2006
30,"23821",16066,359,2006
30,"23822",20512,317,2006
30,"23829",2599,50,2006
30,"2383",134767,3370,2006
30,"2389",143963,3112,2006
30,"484",198959,1923,2006
30,"4841",181187,1702,2006
30,"48411",36308,501,2006
30,"4842",16091,200,2006
30,"2373",4395,47,2006
30,"23731",4395,47,2006
30,"2372",17953,98,2006
30,"23721",17953,98,2006
30,"4853",1273,25,2006
30,"2371",846,22,2006
39,"23",4800105,95881,2006
39,"236",1587540,22136,2006
39,"2361",1397654,19011,2006
39,"237",187525,1948,2006
39,"2371",11470,238,2006
39,"2372",120858,689,2006
39,"23721",120858,689,2006
39,"2373",6015,173,2006
39,"23731",6015,173,2006
39,"2379",37272,619,2006
39,"23799",37272,619,2006
39,"238",3022660,71773,2006
39,"2381",627172,13325,2006
39,"2382",412372,9378,2006
39,"23821",145026,4069,2006
39,"23822",239112,4686,2006
39,"23829",25389,572,2006
39,"2383",1067032,28327,2006
39,"2389",910937,20649,2006
39,"484",1927763,23001,2006
39,"4841",1754259,20771,2006
39,"48411",497795,7279,2006
39,"4842",173392,2228,2006
39,"4853",45534,2362,2006
42,"23",5909423,99211,2006
42,"236",1896962,22973,2006
42,"2361",1711642,20200,2006
42,"237",166799,1655,2006
42,"2371",6525,183,2006
42,"2372",96520,556,2006
42,"23721",96520,556,2006
42,"2373",10789,179,2006
42,"23731",10789,179,2006
42,"2379",45802,622,2006
42,"23799",45802,622,2006
42,"238",3845481,74579,2006
42,"2381",647848,11206,2006
42,"2382",653919,11938,2006
42,"23821",251711,5670,2006
42,"23822",364767,5574,2006
42,"23829",36785,669,2006
42,"2383",1323905,28497,2006
42,"2389",1219809,22938,2006
42,"484",1674793,17224,2006
42,"4841",1524544,15655,2006
42,"48411",482019,5992,2006
42,"4842",149977,1565,2006
42,"4853",108499,3782,2006
17,"23",5722095,104878,2007
17,"236",2504171,33615,2007
17,"2361",2316760,30618,2007
17,"237",144129,1597,2007
17,"2372",77256,474,2007
17,"23721",77256,474,2007
17,"2373",11653,220,2007
17,"23731",11653,220,2007
17,"2379",35371,590,2007
17,"23799",35371,590,2007
17,"238",3067694,69548,2007
17,"2381",487307,10267,2007
17,"2382",551877,11736,2007
17,"23821",245328,5654,2007
17,"23822",272949,5320,2007
17,"23829",27960,596,2007
17,"2383",1160514,29466,2007
17,"2389",863491,17982,2007
17,"484",2396611,28714,2007
17,"4841",2265343,26834,2007
17,"48411",682510,9333,2007
17,"4842",124973,1801,2007
17,"4853",399829,13454,2007
17,"2371",8043,125,2007
30,"23",799918,13824,2007
30,"236",336094,4461,2007
30,"2361",304632,4023,2007
30,"237",38675,352,2007
30,"2372",13788,70,2007
30,"23721",13788,70,2007
30,"2373",1439,35,2007
30,"23731",1439,35,2007
30,"2379",14621,164,2007
30,"23799",14621,164,2007
30,"238",417777,8941,2007
30,"2381",74548,1388,2007
30,"2382",48139,825,2007
30,"23821",16784,354,2007
30,"23822",23124,335,2007
30,"23829",2075,36,2007
30,"2383",143897,3480,2007
30,"2389",148080,3136,2007
30,"484",210343,1959,2007
30,"4841",189772,1720,2007
30,"48411",39104,506,2007
30,"4842",17906,206,2007
30,"4853",136,5,2007
30,"2371",1170,16,2007
39,"23",4696416,98236,2007
39,"236",1455555,22397,2007
39,"2361",1281920,19350,2007
39,"237",164598,1896,2007
39,"2371",11486,292,2007
39,"2373",6274,179,2007
39,"23731",6274,179,2007
39,"2379",34113,582,2007
39,"23799",34113,582,2007
39,"238",3071355,73866,2007
39,"2381",638710,13647,2007
39,"2382",434528,10186,2007
39,"23821",151154,4480,2007
39,"23822",248128,4974,2007
39,"23829",26421,611,2007
39,"2383",1072169,29226,2007
39,"2389",925948,20807,2007
39,"484",1963471,23230,2007
39,"4841",1791910,20812,2007
39,"48411",493731,7186,2007
39,"4842",170920,2407,2007
39,"4853",49781,2519,2007
39,"2372",98705,591,2007
39,"23721",98705,591,2007
42,"23",5939879,102207,2007
42,"236",1898366,23517,2007
42,"2361",1699650,20737,2007
42,"237",165006,1550,2007
42,"2371",7715,159,2007
42,"2372",96923,513,2007
42,"23721",96923,513,2007
42,"2373",6401,118,2007
42,"23731",6401,118,2007
42,"2379",41406,547,2007
42,"23799",41406,547,2007
42,"238",3875492,77120,2007
42,"2381",630616,11423,2007
42,"2382",687505,12825,2007
42,"23821",274127,6149,2007
42,"23822",373430,5928,2007
42,"23829",36197,684,2007
42,"2383",1352053,29911,2007
42,"2389",1204554,22942,2007
42,"484",1692465,17209,2007
42,"4841",1530844,15452,2007
42,"48411",486020,5870,2007
42,"4842",160918,1749,2007
42,"4853",132146,4213,2007
17,"23",5011777,98534,2008
17,"236",2153492,32338,2008
17,"2361",1992913,29421,2008
17,"237",127943,1440,2008
17,"2371",5381,103,2008
17,"2372",70955,441,2008
17,"23721",70955,441,2008
17,"2373",10893,174,2008
17,"23731",10893,174,2008
17,"2379",25023,453,2008
17,"23799",25023,453,2008
17,"238",2721723,64638,2008
17,"2381",410033,9180,2008
17,"2382",488447,10856,2008
17,"23821",207942,5156,2008
17,"23822",243632,4899,2008
17,"23829",23007,513,2008
17,"2383",1002502,27217,2008
17,"2389",814810,17245,2008
17,"484",2384304,27955,2008
17,"4841",2257333,26264,2008
17,"48411",658061,8879,2008
17,"4842",118178,1580,2008
17,"4853",406368,13552,2008
30,"23",703777,13125,2008
30,"236",290941,4241,2008
30,"2361",256796,3780,2008
30,"237",27170,304,2008
30,"2372",8752,50,2008
30,"23721",8752,50,2008
30,"2373",484,10,2008
30,"23731",484,10,2008
30,"2379",12605,168,2008
30,"23799",12605,168,2008
30,"238",379546,8495,2008
30,"2381",68320,1273,2008
30,"2382",40501,774,2008
30,"23821",15929,352,2008
30,"23822",18273,325,2008
30,"2383",125810,3219,2008
30,"2389",138045,2997,2008
30,"484",209145,1793,2008
30,"4841",192609,1596,2008
30,"48411",38129,467,2008
30,"4842",13458,155,2008
30,"23829",2829,43,2008
30,"4853",0,0,2008
30,"2371",514,7,2008
39,"23",4399647,93278,2008
39,"236",1355326,21598,2008
39,"2361",1187622,18592,2008
39,"237",131252,1685,2008
39,"2371",10167,214,2008
39,"2373",5378,111,2008
39,"23731",5378,111,2008
39,"2379",31939,516,2008
39,"23799",31939,516,2008
39,"238",2909784,69956,2008
39,"2381",602106,13018,2008
39,"2382",435993,9618,2008
39,"23821",144410,4207,2008
39,"23822",245263,4697,2008
39,"23829",27365,525,2008
39,"2383",977597,27136,2008
39,"2389",890065,20063,2008
39,"484",1968332,21724,2008
39,"4841",1814432,19596,2008
39,"48411",485610,6711,2008
39,"4842",151584,2096,2008
39,"4853",51602,2453,2008
39,"2372",67986,464,2008
39,"23721",67986,464,2008
42,"23",5691525,98371,2008
42,"236",1812576,22920,2008
42,"2361",1616206,20193,2008
42,"237",147817,1412,2008
42,"2371",5958,130,2008
42,"2372",84553,461,2008
42,"23721",84553,461,2008
42,"2373",4836,107,2008
42,"23731",4836,107,2008
42,"2379",35237,453,2008
42,"23799",35237,453,2008
42,"238",3728732,74006,2008
42,"2381",594696,10815,2008
42,"2382",682396,12378,2008
42,"23821",266709,5896,2008
42,"23822",372365,5769,2008
42,"23829",39187,638,2008
42,"2383",1256163,28474,2008
42,"2389",1193867,22289,2008
42,"484",1695173,15910,2008
42,"4841",1545213,14306,2008
42,"48411",488362,5472,2008
42,"4842",148212,1583,2008
42,"4853",149857,4439,2008
17,"23",4238204,94616,2009
17,"236",1819469,31612,2009
17,"2361",1650268,28569,2009
17,"237",105864,1320,2009
17,"2371",5287,98,2009
17,"2372",53106,379,2009
17,"23721",53106,379,2009
17,"2373",6086,151,2009
17,"23731",6086,151,2009
17,"2379",27432,462,2009
17,"23799",27432,462,2009
17,"238",2305470,61558,2009
17,"2381",362830,8921,2009
17,"2382",424008,10637,2009
17,"23821",163935,4963,2009
17,"23822",224835,4877,2009
17,"23829",21806,496,2009
17,"2383",824825,25331,2009
17,"2389",687421,16496,2009
17,"484",1942332,27566,2009
17,"4841",1844949,25977,2009
17,"48411",530728,8455,2009
17,"4842",89428,1492,2009
17,"4853",390149,13688,2009
30,"23",600487,12605,2009
30,"236",256895,4138,2009
30,"2361",235367,3698,2009
30,"237",27410,355,2009
30,"2372",12039,70,2009
30,"23721",12039,70,2009
30,"2373",435,14,2009
30,"23731",435,14,2009
30,"2379",7154,144,2009
30,"23799",7154,144,2009
30,"238",312297,8049,2009
30,"2381",51306,1185,2009
30,"2382",37309,739,2009
30,"23821",12636,262,2009
30,"23822",17078,319,2009
30,"2383",102427,3013,2009
30,"2389",115083,2926,2009
30,"484",156822,1730,2009
30,"4841",142057,1524,2009
30,"48411",33251,456,2009
30,"4842",10624,153,2009
30,"23829",690,16,2009
30,"4853",43,4,2009
30,"2371",1162,18,2009
39,"23",3982045,91630,2009
39,"236",1279562,21930,2009
39,"2361",1097807,18953,2009
39,"237",128507,1584,2009
39,"2371",7901,177,2009
39,"2373",2937,70,2009
39,"23731",2937,70,2009
39,"2379",19147,356,2009
39,"23799",19147,356,2009
39,"238",2571465,68062,2009
39,"2381",541694,12772,2009
39,"2382",383523,9526,2009
39,"23821",131150,4141,2009
39,"23822",222283,4684,2009
39,"23829",21923,470,2009
39,"2383",849542,26350,2009
39,"2389",795789,19378,2009
39,"484",1491686,20489,2009
39,"4841",1372561,18551,2009
39,"48411",379813,6160,2009
39,"4842",116291,1893,2009
39,"4853",49256,2414,2009
39,"2372",72846,443,2009
39,"23721",72846,443,2009
42,"23",4979148,95367,2009
42,"236",1612550,22649,2009
42,"2361",1418837,20071,2009
42,"237",146307,1407,2009
42,"2372",92251,488,2009
42,"23721",92251,488,2009
42,"2373",4911,99,2009
42,"23731",4911,99,2009
42,"2379",29680,450,2009
42,"23799",29680,450,2009
42,"238",3219330,71292,2009
42,"2381",502130,10300,2009
42,"2382",600396,12048,2009
42,"23821",229418,5712,2009
42,"23822",334391,5610,2009
42,"23829",32942,620,2009
42,"2383",1079867,27284,2009
42,"2389",1036823,21656,2009
42,"484",1304425,14881,2009
42,"4841",1190273,13393,2009
42,"48411",391170,5090,2009
42,"4842",110149,1436,2009
42,"4853",140048,4594,2009
42,"2371",3395,78,2009
17,"23",4197619,93982,2010
17,"236",1722839,31159,2010
17,"2361",1558252,28252,2010
17,"237",113235,1285,2010
17,"2372",56409,365,2010
17,"23721",56409,365,2010
17,"2373",7373,139,2010
17,"23731",7373,139,2010
17,"2379",27081,391,2010
17,"23799",27081,391,2010
17,"238",2351735,61403,2010
17,"2381",363451,8687,2010
17,"2382",454755,10899,2010
17,"23821",174685,4942,2010
17,"23822",241120,5133,2010
17,"23829",23372,493,2010
17,"2383",814009,25080,2010
17,"2389",713531,16572,2010
17,"484",2324274,29705,2010
17,"4841",2219631,28060,2010
17,"48411",589708,8594,2010
17,"4842",93293,1481,2010
17,"4853",414265,13904,2010
17,"2371",3078,86,2010
30,"23",586908,12365,2010
30,"236",246522,4027,2010
30,"2361",216604,3621,2010
30,"237",23235,297,2010
30,"2372",11405,59,2010
30,"23721",11405,59,2010
30,"2373",509,16,2010
30,"23731",509,16,2010
30,"2379",4673,97,2010
30,"23799",4673,97,2010
30,"238",311593,7952,2010
30,"2381",53880,1223,2010
30,"2382",37033,808,2010
30,"23821",11780,325,2010
30,"23822",17644,326,2010
30,"23829",1952,39,2010
30,"2383",98027,2865,2010
30,"2389",117250,2904,2010
30,"484",176916,1742,2010
30,"4841",161919,1540,2010
30,"48411",34500,451,2010
30,"4842",11672,145,2010
30,"4853",0,0,2010
30,"2371",654,15,2010
39,"23",4079880,90223,2010
39,"236",1260911,21409,2010
39,"2361",1082956,18447,2010
39,"237",131342,1522,2010
39,"2371",4853,123,2010
39,"2373",6586,111,2010
39,"23731",6586,111,2010
39,"2379",25728,434,2010
39,"23799",25728,434,2010
39,"238",2682224,67218,2010
39,"2381",533072,12276,2010
39,"2382",412138,9764,2010
39,"23821",138690,4190,2010
39,"23822",240742,4817,2010
39,"23829",22686,484,2010
39,"2383",873240,25926,2010
39,"2389",863436,19240,2010
39,"484",1750241,20590,2010
39,"4841",1622999,18661,2010
39,"48411",439564,6167,2010
39,"4842",122088,1853,2010
39,"4853",51913,2475,2010
39,"2372",68826,449,2010
39,"23721",68826,449,2010
42,"23",5065440,94305,2010
42,"236",1602334,22356,2010
42,"2361",1430321,19861,2010
42,"237",140892,1350,2010
42,"2371",2575,66,2010
42,"2372",78649,407,2010
42,"23721",78649,407,2010
42,"2373",7741,110,2010
42,"23731",7741,110,2010
42,"2379",28900,416,2010
42,"23799",28900,416,2010
42,"238",3319006,70559,2010
42,"2381",529708,10131,2010
42,"2382",626392,12198,2010
42,"23821",239317,5799,2010
42,"23822",347694,5635,2010
42,"23829",33456,594,2010
42,"2383",1089320,26521,2010
42,"2389",1072800,21694,2010
42,"484",1429764,14702,2010
42,"4841",1312165,13262,2010
42,"48411",423154,5176,2010
42,"4842",112855,1390,2010
42,"4853",153595,4729,2010
17,"23",4194921,92913,2011
17,"236",1720699,30570,2011
17,"2361",1543695,27638,2011
17,"237",94884,1154,2011
17,"2372",43160,306,2011
17,"23721",43160,306,2011
17,"2373",6989,141,2011
17,"23731",6989,141,2011
17,"2379",24883,356,2011
17,"23799",24883,356,2011
17,"238",2367997,61029,2011
17,"2381",359530,8600,2011
17,"2382",464828,11001,2011
17,"23821",185063,5000,2011
17,"23822",240732,5131,2011
17,"23829",26136,534,2011
17,"2383",813239,24662,2011
17,"2389",724628,16609,2011
17,"484",2574283,31172,2011
17,"4841",2468305,29529,2011
17,"48411",619317,8680,2011
17,"4842",97936,1520,2011
17,"4853",477131,15552,2011
17,"2371",2920,87,2011
30,"23",591056,12148,2011
30,"236",250402,3974,2011
30,"2361",221238,3559,2011
30,"237",24092,312,2011
30,"2372",10175,59,2011
30,"23721",10175,59,2011
30,"2379",5399,103,2011
30,"23799",5399,103,2011
30,"238",313502,7814,2011
30,"2381",50311,1181,2011
30,"2382",40076,816,2011
30,"23821",12376,308,2011
30,"23822",19041,335,2011
30,"23829",2025,41,2011
30,"2383",96749,2812,2011
30,"2389",119430,2835,2011
30,"484",212197,1842,2011
30,"4841",189053,1622,2011
30,"48411",40207,506,2011
30,"4842",14338,132,2011
30,"2371",1356,24,2011
30,"2373",1081,23,2011
30,"23731",1081,23,2011
30,"4853",0,0,2011
39,"23",4269078,90763,2011
39,"236",1300502,21448,2011
39,"2361",1112440,18460,2011
39,"237",115882,1444,2011
39,"2371",8852,148,2011
39,"2379",22580,399,2011
39,"23799",22580,399,2011
39,"238",2847850,67799,2011
39,"2381",591740,12718,2011
39,"2382",430193,9800,2011
39,"23821",144205,4163,2011
39,"23822",247236,4797,2011
39,"23829",30894,596,2011
39,"2383",921469,25798,2011
39,"2389",903699,19459,2011
39,"484",1904084,20095,2011
39,"4841",1772507,18184,2011
39,"48411",470383,6043,2011
39,"4842",122037,1763,2011
39,"4853",57434,2615,2011
39,"2372",57655,408,2011
39,"23721",57655,408,2011
39,"2373",5195,119,2011
39,"23731",5195,119,2011
42,"23",5164084,93027,2011
42,"236",1622337,22345,2011
42,"2361",1433818,19782,2011
42,"237",129816,1329,2011
42,"2371",2481,75,2011
42,"2372",74259,384,2011
42,"23721",74259,384,2011
42,"2373",6644,113,2011
42,"23731",6644,113,2011
42,"2379",27131,426,2011
42,"23799",27131,426,2011
42,"238",3409308,69334,2011
42,"2381",560054,10047,2011
42,"2382",645844,12136,2011
42,"23821",256810,5816,2011
42,"23822",349755,5582,2011
42,"23829",34015,617,2011
42,"2383",1098883,25780,2011
42,"2389",1103884,21352,2011
42,"484",1535699,14268,2011
42,"4841",1419605,12892,2011
42,"48411",449092,5091,2011
42,"4842",113185,1331,2011
42,"4853",186026,5133,2011
17,"23",4369757,90342,2012
17,"236",1827507,30620,2012
17,"2361",1646657,27826,2012
17,"237",92560,1087,2012
17,"2372",49737,291,2012
17,"23721",49737,291,2012
17,"2373",7293,163,2012
17,"23731",7293,163,2012
17,"2379",18885,335,2012
17,"23799",18885,335,2012
17,"238",2437782,58501,2012
17,"2381",360012,8026,2012
17,"2382",500695,10852,2012
17,"23821",195758,4851,2012
17,"23822",262688,5193,2012
17,"23829",23947,485,2012
17,"2383",844630,23433,2012
17,"2389",726782,15995,2012
17,"484",2801036,33246,2012
17,"4841",2691559,31626,2012
17,"48411",644472,8730,2012
17,"4842",99662,1469,2012
17,"4853",536683,16761,2012
17,"2371",3628,95,2012
30,"23",615714,11792,2012
30,"236",258038,3861,2012
30,"2361",233618,3483,2012
30,"237",22335,292,2012
30,"2372",6857,55,2012
30,"23721",6857,55,2012
30,"2379",5767,99,2012
30,"23799",5767,99,2012
30,"238",331314,7585,2012
30,"2381",49109,1066,2012
30,"2382",44764,830,2012
30,"23821",15326,354,2012
30,"23822",20349,316,2012
30,"23829",2465,52,2012
30,"2383",104037,2729,2012
30,"2389",126656,2752,2012
30,"484",217556,1843,2012
30,"4841",193272,1609,2012
30,"48411",42293,531,2012
30,"4842",15311,162,2012
30,"2371",927,10,2012
30,"2373",149,9,2012
30,"23731",149,9,2012
30,"4853",211,10,2012
39,"23",4508357,88675,2012
39,"236",1393550,21463,2012
39,"2361",1169393,18374,2012
39,"237",116202,1387,2012
39,"2371",8549,140,2012
39,"2372",52642,337,2012
39,"23721",52642,337,2012
39,"2373",3122,61,2012
39,"23731",3122,61,2012
39,"2379",25102,368,2012
39,"23799",25102,368,2012
39,"238",2993458,65774,2012
39,"2381",642602,12354,2012
39,"2382",443279,9546,2012
39,"23821",147217,3989,2012
39,"23822",252055,4652,2012
39,"23829",31151,577,2012
39,"2383",962263,24968,2012
39,"2389",943256,18859,2012
39,"484",1938611,19922,2012
39,"4841",1809016,18077,2012
39,"48411",483368,5851,2012
39,"4842",125299,1776,2012
39,"4853",64409,2827,2012
42,"23",5254118,91156,2012
42,"236",1666372,22248,2012
42,"2361",1457538,19758,2012
42,"237",132133,1301,2012
42,"2371",3572,71,2012
42,"2372",79522,374,2012
42,"23721",79522,374,2012
42,"2373",6279,99,2012
42,"23731",6279,99,2012
42,"2379",24871,386,2012
42,"23799",24871,386,2012
42,"238",3453497,67569,2012
42,"2381",545561,9635,2012
42,"2382",659205,12110,2012
42,"23821",260382,5721,2012
42,"23822",357665,5646,2012
42,"23829",32386,579,2012
42,"2383",1121919,25004,2012
42,"2389",1125590,20790,2012
42,"484",1518290,14058,2012
42,"4841",1400913,12666,2012
42,"48411",449954,5023,2012
42,"4842",115183,1362,2012
42,"4853",195967,5310,2012
17,"23",4559957,91006,2013
17,"236",1890901,31148,2013
17,"2361",1713160,28345,2013
17,"237",85386,1033,2013
17,"2371",3849,90,2013
17,"2372",35876,233,2013
17,"23721",35876,233,2013
17,"2373",7950,143,2013
17,"23731",7950,143,2013
17,"2379",21179,303,2013
17,"23799",21179,303,2013
17,"238",2574210,58685,2013
17,"2381",374668,8041,2013
17,"2382",528225,11025,2013
17,"23821",199629,4880,2013
17,"23822",282807,5257,2013
17,"23829",26936,556,2013
17,"2383",894331,23342,2013
17,"2389",764732,15970,2013
17,"484",3051908,35936,2013
17,"4841",2944838,34314,2013
17,"48411",668734,8989,2013
17,"4842",93381,1464,2013
17,"4853",615023,18581,2013
30,"23",655853,11547,2013
30,"236",274734,3827,2013
30,"2361",254613,3453,2013
30,"237",24366,256,2013
30,"2372",10325,51,2013
30,"23721",10325,51,2013
30,"2379",5343,90,2013
30,"23799",5343,90,2013
30,"238",354324,7424,2013
30,"2381",59718,1094,2013
30,"2382",42434,783,2013
30,"23821",15533,333,2013
30,"23822",18744,302,2013
30,"23829",2123,45,2013
30,"2383",111087,2675,2013
30,"2389",133737,2676,2013
30,"484",205340,1784,2013
30,"4841",181236,1558,2013
30,"48411",41409,492,2013
30,"4842",19771,173,2013
30,"2373",202,10,2013
30,"23731",202,10,2013
30,"4853",57,3,2013
30,"2371",1632,16,2013
39,"23",4621344,89148,2013
39,"236",1431318,21968,2013
39,"2361",1210148,18809,2013
39,"237",116267,1363,2013
39,"2371",9648,125,2013
39,"2373",5029,90,2013
39,"23731",5029,90,2013
39,"2379",21631,310,2013
39,"23799",21631,310,2013
39,"238",3070066,65762,2013
39,"2381",644399,12125,2013
39,"2382",459298,9476,2013
39,"23821",153550,3923,2013
39,"23822",260796,4683,2013
39,"23829",30159,575,2013
39,"2383",1017470,25363,2013
39,"2389",945973,18735,2013
39,"484",1927094,19824,2013
39,"4841",1804220,18015,2013
39,"48411",480564,5805,2013
39,"4842",118503,1739,2013
39,"4853",65394,2975,2013
39,"2372",56602,361,2013
39,"23721",56602,361,2013
42,"23",5384210,90943,2013
42,"236",1715291,22501,2013
42,"2361",1510077,20063,2013
42,"237",132790,1223,2013
42,"2371",4157,77,2013
42,"2372",75138,335,2013
42,"23721",75138,335,2013
42,"2373",5098,83,2013
42,"23731",5098,83,2013
42,"2379",30298,366,2013
42,"23799",30298,366,2013
42,"238",3534916,67197,2013
42,"2381",541863,9565,2013
42,"2382",693975,12074,2013
42,"23821",269477,5723,2013
42,"23822",380299,5601,2013
42,"23829",38461,651,2013
42,"2383",1151425,24788,2013
42,"2389",1146166,20740,2013
42,"484",1551044,14355,2013
42,"4841",1433030,12949,2013
42,"48411",464207,5064,2013
42,"4842",114816,1361,2013
42,"4853",209792,5585,2013
17,"23",4934450,93264,2014
17,"236",2052768,32391,2014
17,"2361",1867516,29483,2014
17,"237",87675,1038,2014
17,"2371",6002,76,2014
17,"2372",33261,235,2014
17,"23721",33261,235,2014
17,"2373",6306,140,2014
17,"23731",6306,140,2014
17,"2379",17383,247,2014
17,"23799",17383,247,2014
17,"238",2785311,59724,2014
17,"2381",417137,8123,2014
17,"2382",568053,11244,2014
17,"23821",219334,4985,2014
17,"23822",303260,5356,2014
17,"23829",29487,572,2014
17,"2383",965276,23944,2014
17,"2389",824064,16150,2014
17,"484",3619513,39708,2014
17,"4841",3496722,38010,2014
17,"48411",741805,9573,2014
17,"4842",111401,1571,2014
17,"4853",730089,24028,2014
30,"23",719833,11868,2014
30,"236",303734,3939,2014
30,"2361",276032,3565,2014
30,"237",24969,236,2014
30,"2372",12238,51,2014
30,"23721",12238,51,2014
30,"2379",5230,77,2014
30,"23799",5230,77,2014
30,"238",385919,7601,2014
30,"2381",69070,1120,2014
30,"2382",49729,843,2014
30,"23821",18142,366,2014
30,"23829",3804,60,2014
30,"2383",120181,2765,2014
30,"2389",141262,2666,2014
30,"484",211645,1816,2014
30,"4841",190624,1594,2014
30,"48411",46673,514,2014
30,"4842",15718,164,2014
30,"2373",945,7,2014
30,"23731",945,7,2014
30,"23822",20755,298,2014
30,"2371",1658,17,2014
30,"4853",411,22,2014
39,"23",4902107,90660,2014
39,"236",1509182,22094,2014
39,"2361",1275883,18915,2014
39,"237",119027,1331,2014
39,"2371",11161,148,2014
39,"2372",59565,349,2014
39,"23721",59565,349,2014
39,"2373",4821,112,2014
39,"23731",4821,112,2014
39,"2379",21418,322,2014
39,"23799",21418,322,2014
39,"238",3271054,67191,2014
39,"2381",673565,12223,2014
39,"2382",489462,9507,2014
39,"23821",160288,3855,2014
39,"23822",280271,4745,2014
39,"23829",37982,616,2014
39,"2383",1099881,26381,2014
39,"2389",1003258,18995,2014
39,"484",2143266,20706,2014
39,"4841",2016046,18912,2014
39,"48411",518909,5918,2014
39,"4842",120151,1728,2014
39,"4853",77648,4002,2014
42,"23",5566327,92987,2014
42,"236",1773671,23099,2014
42,"2361",1572541,20714,2014
42,"237",128190,1218,2014
42,"2371",6525,121,2014
42,"2372",72065,347,2014
42,"23721",72065,347,2014
42,"2373",6726,109,2014
42,"23731",6726,109,2014
42,"2379",23812,356,2014
42,"23799",23812,356,2014
42,"238",3662085,68630,2014
42,"2381",572229,9765,2014
42,"2382",705789,12313,2014
42,"23821",275174,5746,2014
42,"23822",384882,5757,2014
42,"23829",39129,682,2014
42,"2383",1198526,25470,2014
42,"2389",1184669,21058,2014
42,"484",1699133,15127,2014
42,"4841",1571841,13706,2014
42,"48411",496297,5199,2014
42,"4842",122927,1384,2014
42,"4853",241445,6879,2014
17,"23",4956828,91574,2015
17,"236",2076032,31780,2015
17,"2361",1878803,29089,2015
17,"237",91801,1074,2015
17,"2371",7695,122,2015
17,"2372",37032,241,2015
17,"23721",37032,241,2015
17,"2373",7670,162,2015
17,"23731",7670,162,2015
17,"2379",24918,362,2015
17,"23799",24918,362,2015
17,"238",2785318,58667,2015
17,"2381",411685,8066,2015
17,"2382",563789,11121,2015
17,"23821",219209,5029,2015
17,"23822",303750,5346,2015
17,"23829",33256,610,2015
17,"2383",987498,23630,2015
17,"2389",821969,15837,2015
17,"484",3305236,40487,2015
17,"4841",3193103,38837,2015
17,"48411",711693,9791,2015
17,"4842",105524,1590,2015
17,"4853",855700,36629,2015
30,"23",759396,12196,2015
30,"236",327534,4128,2015
30,"2361",297416,3783,2015
30,"237",23610,231,2015
30,"2372",8370,40,2015
30,"23721",8370,40,2015
30,"2379",6346,98,2015
30,"23799",6346,98,2015
30,"238",404062,7787,2015
30,"2381",74811,1162,2015
30,"2382",50620,876,2015
30,"23821",19242,387,2015
30,"23829",4152,69,2015
30,"2383",133776,2987,2015
30,"2389",141637,2700,2015
30,"484",184847,1714,2015
30,"4841",166334,1507,2015
30,"48411",44557,543,2015
30,"4842",14365,165,2015
30,"23822",23949,345,2015
30,"2373",2521,14,2015
30,"23731",2521,14,2015
30,"2371",979,14,2015
30,"4853",444,35,2015
39,"23",5091186,90186,2015
39,"236",1607417,21873,2015
39,"2361",1370723,18797,2015
39,"237",125577,1297,2015
39,"2371",15044,177,2015
39,"2373",8503,146,2015
39,"23731",8503,146,2015
39,"2379",24125,378,2015
39,"23799",24125,378,2015
39,"238",3357022,67005,2015
39,"2381",717308,12125,2015
39,"2382",477971,9463,2015
39,"23821",159131,3887,2015
39,"23822",274065,4782,2015
39,"23829",42104,742,2015
39,"2383",1139633,26400,2015
39,"2389",1022103,19016,2015
39,"484",2088067,21357,2015
39,"4841",1956080,19495,2015
39,"48411",503311,5934,2015
39,"4842",131738,1857,2015
39,"4853",112722,7576,2015
39,"2372",62175,343,2015
39,"23721",62175,343,2015
42,"23",5722158,92934,2015
42,"236",1858455,23344,2015
42,"2361",1646502,20978,2015
42,"237",125576,1148,2015
42,"2371",7654,146,2015
42,"2372",74626,347,2015
42,"23721",74626,347,2015
42,"2373",10300,164,2015
42,"23731",10300,164,2015
42,"2379",24433,349,2015
42,"23799",24433,349,2015
42,"238",3735867,68415,2015
42,"2381",580113,9682,2015
42,"2382",726375,12365,2015
42,"23821",278849,5773,2015
42,"23822",396596,5749,2015
42,"23829",48263,813,2015
42,"2383",1215825,25267,2015
42,"2389",1213208,21094,2015
42,"484",1690849,15998,2015
42,"4841",1566656,14621,2015
42,"48411",496676,5388,2015
42,"4842",124165,1374,2015
42,"4853",286025,13216,2015
17,"23",5062641,92110,2016
17,"236",2161748,32315,2016
17,"2361",1974150,29737,2016
17,"237",81938,1004,2016
17,"2371",7502,131,2016
17,"2372",36338,227,2016
17,"23721",36338,227,2016
17,"2373",7129,174,2016
17,"23731",7129,174,2016
17,"238",2813197,58733,2016
17,"2381",428091,8075,2016
17,"2382",568359,11055,2016
17,"23821",218834,4974,2016
17,"23822",307554,5338,2016
17,"23829",35181,612,2016
17,"2383",986248,23674,2016
17,"2389",830296,15921,2016
17,"484",3267969,41444,2016
17,"4841",3160232,39777,2016
17,"48411",673679,9824,2016
17,"4842",103048,1606,2016
17,"4853",1014934,51005,2016
17,"2379",16875,297,2016
17,"23799",16875,297,2016
30,"23",773672,12495,2016
30,"236",348818,4290,2016
30,"2361",322226,3924,2016
30,"237",26490,248,2016
30,"2372",9359,46,2016
30,"23721",9359,46,2016
30,"2379",7384,87,2016
30,"23799",7384,87,2016
30,"238",395568,7913,2016
30,"2381",75250,1215,2016
30,"2382",50335,874,2016
30,"23821",18411,385,2016
30,"23822",22971,329,2016
30,"23829",5122,78,2016
30,"2383",129231,2971,2016
30,"2389",135542,2782,2016
30,"484",173906,1694,2016
30,"4841",159258,1495,2016
30,"48411",44539,521,2016
30,"4842",11185,154,2016
30,"2373",2353,32,2016
30,"23731",2353,32,2016
30,"4853",1339,247,2016
30,"2371",1359,12,2016
39,"23",5235253,90050,2016
39,"236",1698964,21909,2016
39,"2361",1440067,18941,2016
39,"237",121835,1187,2016
39,"2371",11355,157,2016
39,"2373",5541,113,2016
39,"23731",5541,113,2016
39,"2379",25365,328,2016
39,"23799",25365,328,2016
39,"238",3411174,66925,2016
39,"2381",727492,12032,2016
39,"2382",478558,9505,2016
39,"23821",155565,3958,2016
39,"23822",279465,4723,2016
39,"23829",39738,765,2016
39,"2383",1177804,26065,2016
39,"2389",1027320,19323,2016
39,"484",2069994,21552,2016
39,"4841",1949449,19776,2016
39,"48411",505704,5858,2016
39,"4842",120501,1774,2016
39,"4853",154133,12260,2016
39,"2372",61742,347,2016
39,"23721",61742,347,2016
42,"23",5803543,93241,2016
42,"236",1907267,23563,2016
42,"2361",1688973,21170,2016
42,"237",117048,1126,2016
42,"2372",61447,309,2016
42,"23721",61447,309,2016
42,"2373",8780,148,2016
42,"23731",8780,148,2016
42,"2379",25386,350,2016
42,"23799",25386,350,2016
42,"238",3778858,68545,2016
42,"2381",590783,9754,2016
42,"2382",733282,12412,2016
42,"23821",280025,5815,2016
42,"23822",405497,5772,2016
42,"23829",44740,792,2016
42,"2383",1233087,25165,2016
42,"2389",1221237,21204,2016
42,"484",1657219,16315,2016
42,"4841",1532335,14901,2016
42,"48411",491611,5358,2016
42,"4842",124816,1413,2016
42,"4853",364746,22461,2016
42,"2371",8601,152,2016
17,"23",5181238,90338,2017
17,"236",2234786,32398,2017
17,"2361",2027274,29909,2017
17,"237",76149,966,2017
17,"2371",8660,149,2017
17,"2372",31196,202,2017
17,"23721",31196,202,2017
17,"2373",8866,149,2017
17,"23731",8866,149,2017
17,"238",2863342,56901,2017
17,"2381",425743,7772,2017
17,"2382",586750,10950,2017
17,"23821",222710,4932,2017
17,"23822",319449,5295,2017
17,"23829",37551,594,2017
17,"2383",1000967,22569,2017
17,"2389",849285,15589,2017
17,"484",3566657,42842,2017
17,"4841",3451223,41090,2017
17,"48411",728289,10048,2017
17,"4842",112026,1706,2017
17,"4853",1213121,61959,2017
17,"2379",16834,282,2017
17,"23799",16834,282,2017
30,"23",810972,12548,2017
30,"236",358996,4327,2017
30,"2361",328463,3955,2017
30,"237",26273,222,2017
30,"2372",12153,46,2017
30,"23721",12153,46,2017
30,"2379",7374,101,2017
30,"23799",7374,101,2017
30,"238",420522,7946,2017
30,"2381",74849,1178,2017
30,"2382",51214,861,2017
30,"23821",17723,355,2017
30,"23829",4630,78,2017
30,"2383",138392,2961,2017
30,"2389",152229,2870,2017
30,"484",192670,1706,2017
30,"4841",176075,1511,2017
30,"48411",51487,542,2017
30,"4842",12659,152,2017
30,"23822",25687,364,2017
30,"4853",5229,562,2017
30,"2373",1205,16,2017
30,"23731",1205,16,2017
30,"2371",996,5,2017
39,"23",5491284,89566,2017
39,"236",1779034,22030,2017
39,"2361",1522629,19039,2017
39,"237",124453,1120,2017
39,"2371",12059,160,2017
39,"2373",5025,101,2017
39,"23731",5025,101,2017
39,"2379",21339,285,2017
39,"23799",21339,285,2017
39,"238",3585551,66387,2017
39,"2381",775877,11743,2017
39,"2382",486279,9225,2017
39,"23821",155014,3805,2017
39,"23822",283758,4642,2017
39,"23829",43938,708,2017
39,"2383",1222625,25717,2017
39,"2389",1100770,19702,2017
39,"484",2392411,22860,2017
39,"4841",2256778,20997,2017
39,"48411",526224,5861,2017
39,"4842",133207,1848,2017
39,"4853",219726,17696,2017
39,"2372",66492,319,2017
39,"23721",66492,319,2017
42,"23",5917946,92321,2017
42,"236",1955849,23616,2017
42,"2361",1741570,21213,2017
42,"237",116097,1124,2017
42,"2372",63725,295,2017
42,"23721",63725,295,2017
42,"2373",9680,143,2017
42,"23731",9680,143,2017
42,"2379",22078,344,2017
42,"23799",22078,344,2017
42,"238",3845357,67569,2017
42,"2381",592244,9129,2017
42,"2382",736689,12190,2017
42,"23821",282703,5695,2017
42,"23822",405920,5667,2017
42,"23829",45718,799,2017
42,"2383",1249798,24695,2017
42,"2389",1266297,21547,2017
42,"484",1848213,17235,2017
42,"4841",1723265,15803,2017
42,"48411",529477,5564,2017
42,"4842",123645,1418,2017
42,"4853",488534,32007,2017
42,"2371",9661,175,2017
17,"23",5305315,91482,2018
17,"236",2269124,33280,2018
17,"2361",2080214,30798,2018
17,"237",83708,977,2018
17,"238",2950332,57196,2018
17,"2381",445003,7841,2018
17,"2382",606835,11151,2018
17,"23821",227521,4958,2018
17,"23822",333809,5470,2018
17,"23829",39164,623,2018
17,"2383",1033933,22637,2018
17,"2389",864170,15560,2018
17,"484",3926136,45561,2018
17,"4841",3794911,43523,2018
17,"48411",829102,10743,2018
17,"4842",129215,2014,2018
17,"4853",1573491,69819,2018
17,"2379",20169,311,2018
17,"23799",20169,311,2018
17,"2371",9074,135,2018
17,"2372",35814,204,2018
17,"23721",35814,204,2018
17,"2373",5963,145,2018
17,"23731",5963,145,2018
30,"23",870036,13128,2018
30,"236",385474,4550,2018
30,"2361",351457,4175,2018
30,"237",29647,259,2018
30,"2372",8367,47,2018
30,"23721",8367,47,2018
30,"2379",10338,115,2018
30,"23799",10338,115,2018
30,"238",452394,8285,2018
30,"2381",82851,1246,2018
30,"2382",52238,851,2018
30,"2383",152142,3165,2018
30,"2389",162716,2989,2018
30,"484",208406,1717,2018
30,"4841",189259,1502,2018
30,"48411",52439,533,2018
30,"23821",18011,356,2018
30,"4842",16418,188,2018
30,"23822",25707,337,2018
30,"2373",3494,25,2018
30,"23731",3494,25,2018
30,"23829",5081,88,2018
30,"4853",8903,833,2018
30,"2371",1898,16,2018
39,"23",5796599,91908,2018
39,"236",1897693,23530,2018
39,"2361",1621119,20560,2018
39,"237",124109,1117,2018
39,"2371",17243,192,2018
39,"2379",25102,318,2018
39,"23799",25102,318,2018
39,"238",3774548,67250,2018
39,"2381",829421,11836,2018
39,"2382",518765,9477,2018
39,"23821",164915,3842,2018
39,"23822",302630,4819,2018
39,"2383",1284116,26040,2018
39,"2389",1142246,19897,2018
39,"484",2750932,24520,2018
39,"4841",2602428,22494,2018
39,"48411",589041,6169,2018
39,"4842",147477,2019,2018
39,"4853",311728,22540,2018
39,"2372",59401,309,2018
39,"23721",59401,309,2018
39,"23829",50101,782,2018
39,"2373",9422,124,2018
39,"23731",9422,124,2018
42,"23",6142693,93947,2018
42,"236",2018242,24632,2018
42,"2361",1800684,22306,2018
42,"237",108283,1074,2018
42,"2372",54383,277,2018
42,"23721",54383,277,2018
42,"2373",10689,146,2018
42,"23731",10689,146,2018
42,"238",4015634,68232,2018
42,"2381",633679,9370,2018
42,"2382",785391,12532,2018
42,"23821",301478,5809,2018
42,"23822",436151,5912,2018
42,"23829",47010,795,2018
42,"2383",1301000,24745,2018
42,"2389",1295184,21580,2018
42,"484",2114297,19070,2018
42,"4841",1980591,17443,2018
42,"48411",580100,5793,2018
42,"4842",133650,1625,2018
42,"4853",694266,40846,2018
42,"2371",11384,168,2018
42,"2379",21876,345,2018
42,"23799",21876,345,2018
